policy_key,epic_program_key,program,product
1001,EP001,Commercial Property,General Liability
1002,EP002,Commercial Auto,Auto Liability
1003,EP003,Workers Compensation,Workers Comp
1004,EP004,Cyber Insurance,Data Breach Coverage
1005,EP005,Professional Liability,Errors and Omissions
1006,EP006,Client Advantage Products,Umbrella Advantage
1007,EP007,Commercial Property,Business Interruption
1008,EP008,Commercial Auto,Physical Damage
1009,EP009,Client Advantage Products,MLP Direct
1010,EP010,Cyber Insurance,Cyber Extortion